state,region,year,month,date,consumption_mu,population_millions,per_capita_kwh
Andhra Pradesh,Southern,2019,1,2019-01-01,6654.4,53.0,125.55
Andhra Pradesh,Southern,2019,2,2019-02-01,6536.9,53.0,123.34
Andhra Pradesh,Southern,2019,3,2019-03-01,6946.6,53.0,131.07
Andhra Pradesh,Southern,2019,4,2019-04-01,7499.9,53.0,141.51
Andhra Pradesh,Southern,2019,5,2019-05-01,8034.3,53.0,151.59
Andhra Pradesh,Southern,2019,6,2019-06-01,7763.0,53.0,146.47
Andhra Pradesh,Southern,2019,7,2019-07-01,7408.8,53.0,139.79
Andhra Pradesh,Southern,2019,8,2019-08-01,7243.4,53.0,136.67
Andhra Pradesh,Southern,2019,9,2019-09-01,7110.4,53.0,134.16
Andhra Pradesh,Southern,2019,10,2019-10-01,6807.1,53.0,128.44
Andhra Pradesh,Southern,2019,11,2019-11-01,6676.5,53.0,125.97
Andhra Pradesh,Southern,2019,12,2019-12-01,6795.4,53.0,128.22
Andhra Pradesh,Southern,2020,1,2020-01-01,7151.5,53.0,134.93
Andhra Pradesh,Southern,2020,2,2020-02-01,6870.9,53.0,129.64
Andhra Pradesh,Southern,2020,3,2020-03-01,6901.0,53.0,130.21
Andhra Pradesh,Southern,2020,4,2020-04-01,5471.7,53.0,103.24
Andhra Pradesh,Southern,2020,5,2020-05-01,6621.1,53.0,124.93
Andhra Pradesh,Southern,2020,6,2020-06-01,7524.4,53.0,141.97
Andhra Pradesh,Southern,2020,7,2020-07-01,7705.8,53.0,145.39
Andhra Pradesh,Southern,2020,8,2020-08-01,7441.5,53.0,140.41
Andhra Pradesh,Southern,2020,9,2020-09-01,7501.9,53.0,141.55
Andhra Pradesh,Southern,2020,10,2020-10-01,7441.2,53.0,140.4
Andhra Pradesh,Southern,2020,11,2020-11-01,6979.5,53.0,131.69
Andhra Pradesh,Southern,2020,12,2020-12-01,7363.4,53.0,138.93
Assam,Northeastern,2019,1,2019-01-01,1040.9,35.0,29.74
Assam,Northeastern,2019,2,2019-02-01,993.8,35.0,28.39
Assam,Northeastern,2019,3,2019-03-01,1083.5,35.0,30.96
Assam,Northeastern,2019,4,2019-04-01,1147.9,35.0,32.8
Assam,Northeastern,2019,5,2019-05-01,1223.0,35.0,34.94
Assam,Northeastern,2019,6,2019-06-01,1202.1,35.0,34.35
Assam,Northeastern,2019,7,2019-07-01,1150.8,35.0,32.88
Assam,Northeastern,2019,8,2019-08-01,1114.9,35.0,31.85
Assam,Northeastern,2019,9,2019-09-01,1104.8,35.0,31.57
Assam,Northeastern,2019,10,2019-10-01,1100.2,35.0,31.43
Assam,Northeastern,2019,11,2019-11-01,1047.5,35.0,29.93
Assam,Northeastern,2019,12,2019-12-01,1039.9,35.0,29.71
Assam,Northeastern,2020,1,2020-01-01,1103.9,35.0,31.54
Assam,Northeastern,2020,2,2020-02-01,1043.0,35.0,29.8
Assam,Northeastern,2020,3,2020-03-01,1023.6,35.0,29.25
Assam,Northeastern,2020,4,2020-04-01,912.5,35.0,26.07
Assam,Northeastern,2020,5,2020-05-01,1037.8,35.0,29.65
Assam,Northeastern,2020,6,2020-06-01,1178.9,35.0,33.68
Assam,Northeastern,2020,7,2020-07-01,1166.9,35.0,33.34
Assam,Northeastern,2020,8,2020-08-01,1200.7,35.0,34.31
Assam,Northeastern,2020,9,2020-09-01,1181.3,35.0,33.75
Assam,Northeastern,2020,10,2020-10-01,1155.0,35.0,33.0
Assam,Northeastern,2020,11,2020-11-01,1127.9,35.0,32.23
Assam,Northeastern,2020,12,2020-12-01,1106.1,35.0,31.6
Bihar,Eastern,2019,1,2019-01-01,2670.7,124.0,21.54
Bihar,Eastern,2019,2,2019-02-01,2590.9,124.0,20.89
Bihar,Eastern,2019,3,2019-03-01,2816.7,124.0,22.72
Bihar,Eastern,2019,4,2019-04-01,3005.5,124.0,24.24
Bihar,Eastern,2019,5,2019-05-01,3250.4,124.0,26.21
Bihar,Eastern,2019,6,2019-06-01,3150.2,124.0,25.4
Bihar,Eastern,2019,7,2019-07-01,3028.2,124.0,24.42
Bihar,Eastern,2019,8,2019-08-01,2955.8,124.0,23.84
Bihar,Eastern,2019,9,2019-09-01,2889.6,124.0,23.3
Bihar,Eastern,2019,10,2019-10-01,2774.7,124.0,22.38
Bihar,Eastern,2019,11,2019-11-01,2702.4,124.0,21.79
Bihar,Eastern,2019,12,2019-12-01,2786.2,124.0,22.47
Bihar,Eastern,2020,1,2020-01-01,2880.3,124.0,23.23
Bihar,Eastern,2020,2,2020-02-01,2726.0,124.0,21.98
Bihar,Eastern,2020,3,2020-03-01,2799.8,124.0,22.58
Bihar,Eastern,2020,4,2020-04-01,2512.0,124.0,20.26
Bihar,Eastern,2020,5,2020-05-01,2776.6,124.0,22.39
Bihar,Eastern,2020,6,2020-06-01,3163.5,124.0,25.51
Bihar,Eastern,2020,7,2020-07-01,3051.2,124.0,24.61
Bihar,Eastern,2020,8,2020-08-01,3116.8,124.0,25.14
Bihar,Eastern,2020,9,2020-09-01,3062.8,124.0,24.7
Bihar,Eastern,2020,10,2020-10-01,2969.8,124.0,23.95
Bihar,Eastern,2020,11,2020-11-01,2863.6,124.0,23.09
Bihar,Eastern,2020,12,2020-12-01,3014.8,124.0,24.31
Chhattisgarh,Western,2019,1,2019-01-01,4857.5,29.0,167.5
Chhattisgarh,Western,2019,2,2019-02-01,4698.3,29.0,162.01
Chhattisgarh,Western,2019,3,2019-03-01,5096.4,29.0,175.74
Chhattisgarh,Western,2019,4,2019-04-01,5440.8,29.0,187.61
Chhattisgarh,Western,2019,5,2019-05-01,5700.4,29.0,196.57
Chhattisgarh,Western,2019,6,2019-06-01,5683.9,29.0,196.0
Chhattisgarh,Western,2019,7,2019-07-01,5380.2,29.0,185.52
Chhattisgarh,Western,2019,8,2019-08-01,5240.2,29.0,180.7
Chhattisgarh,Western,2019,9,2019-09-01,5187.4,29.0,178.88
Chhattisgarh,Western,2019,10,2019-10-01,5074.6,29.0,174.99
Chhattisgarh,Western,2019,11,2019-11-01,5026.3,29.0,173.32
Chhattisgarh,Western,2019,12,2019-12-01,4952.9,29.0,170.79
Chhattisgarh,Western,2020,1,2020-01-01,5146.0,29.0,177.45
Chhattisgarh,Western,2020,2,2020-02-01,4955.3,29.0,170.87
Chhattisgarh,Western,2020,3,2020-03-01,4637.7,29.0,159.92
Chhattisgarh,Western,2020,4,2020-04-01,3637.8,29.0,125.44
Chhattisgarh,Western,2020,5,2020-05-01,4458.8,29.0,153.75
Chhattisgarh,Western,2020,6,2020-06-01,5557.9,29.0,191.65
Chhattisgarh,Western,2020,7,2020-07-01,5384.4,29.0,185.67
Chhattisgarh,Western,2020,8,2020-08-01,5516.6,29.0,190.23
Chhattisgarh,Western,2020,9,2020-09-01,5570.8,29.0,192.1
Chhattisgarh,Western,2020,10,2020-10-01,5429.4,29.0,187.22
Chhattisgarh,Western,2020,11,2020-11-01,5388.1,29.0,185.8
Chhattisgarh,Western,2020,12,2020-12-01,5532.7,29.0,190.78
Delhi,Northern,2019,1,2019-01-01,3860.7,19.0,203.19
Delhi,Northern,2019,2,2019-02-01,3766.6,19.0,198.24
Delhi,Northern,2019,3,2019-03-01,4086.0,19.0,215.05
Delhi,Northern,2019,4,2019-04-01,4415.4,19.0,232.39
Delhi,Northern,2019,5,2019-05-01,4867.3,19.0,256.17
Delhi,Northern,2019,6,2019-06-01,4490.6,19.0,236.35
Delhi,Northern,2019,7,2019-07-01,4413.0,19.0,232.26
Delhi,Northern,2019,8,2019-08-01,4180.4,19.0,220.02
Delhi,Northern,2019,9,2019-09-01,4170.3,19.0,219.49
Delhi,Northern,2019,10,2019-10-01,4140.5,19.0,217.92
Delhi,Northern,2019,11,2019-11-01,3951.8,19.0,207.99
Delhi,Northern,2019,12,2019-12-01,3925.5,19.0,206.61
Delhi,Northern,2020,1,2020-01-01,4095.9,19.0,215.57
Delhi,Northern,2020,2,2020-02-01,4047.6,19.0,213.03
Delhi,Northern,2020,3,2020-03-01,3987.2,19.0,209.85
Delhi,Northern,2020,4,2020-04-01,3549.2,19.0,186.8
Delhi,Northern,2020,5,2020-05-01,4079.5,19.0,214.71
Delhi,Northern,2020,6,2020-06-01,4480.8,19.0,235.83
Delhi,Northern,2020,7,2020-07-01,4597.4,19.0,241.97
Delhi,Northern,2020,8,2020-08-01,4514.5,19.0,237.61
Delhi,Northern,2020,9,2020-09-01,4352.2,19.0,229.06
Delhi,Northern,2020,10,2020-10-01,4437.0,19.0,233.53
Delhi,Northern,2020,11,2020-11-01,4211.3,19.0,221.65
Delhi,Northern,2020,12,2020-12-01,4424.0,19.0,232.84
Goa,Western,2019,1,2019-01-01,392.6,1.5,261.73
Goa,Western,2019,2,2019-02-01,368.0,1.5,245.33
Goa,Western,2019,3,2019-03-01,413.6,1.5,275.73
Goa,Western,2019,4,2019-04-01,438.5,1.5,292.33
Goa,Western,2019,5,2019-05-01,465.6,1.5,310.4
Goa,Western,2019,6,2019-06-01,466.2,1.5,310.8
Goa,Western,2019,7,2019-07-01,443.6,1.5,295.73
Goa,Western,2019,8,2019-08-01,434.4,1.5,289.6
Goa,Western,2019,9,2019-09-01,414.7,1.5,276.47
Goa,Western,2019,10,2019-10-01,405.5,1.5,270.33
Goa,Western,2019,11,2019-11-01,396.8,1.5,264.53
Goa,Western,2019,12,2019-12-01,404.8,1.5,269.87
Goa,Western,2020,1,2020-01-01,411.1,1.5,274.07
Goa,Western,2020,2,2020-02-01,399.6,1.5,266.4
Goa,Western,2020,3,2020-03-01,389.6,1.5,259.73
Goa,Western,2020,4,2020-04-01,323.9,1.5,215.93
Goa,Western,2020,5,2020-05-01,393.3,1.5,262.2
Goa,Western,2020,6,2020-06-01,453.7,1.5,302.47
Goa,Western,2020,7,2020-07-01,441.2,1.5,294.13
Goa,Western,2020,8,2020-08-01,452.5,1.5,301.67
Goa,Western,2020,9,2020-09-01,451.8,1.5,301.2
Goa,Western,2020,10,2020-10-01,439.7,1.5,293.13
Goa,Western,2020,11,2020-11-01,428.7,1.5,285.8
Goa,Western,2020,12,2020-12-01,449.0,1.5,299.33
Gujarat,Western,2019,1,2019-01-01,10884.4,63.0,172.77
Gujarat,Western,2019,2,2019-02-01,10637.7,63.0,168.85
Gujarat,Western,2019,3,2019-03-01,11364.3,63.0,180.39
Gujarat,Western,2019,4,2019-04-01,12459.8,63.0,197.77
Gujarat,Western,2019,5,2019-05-01,13096.9,63.0,207.89
Gujarat,Western,2019,6,2019-06-01,12923.2,63.0,205.13
Gujarat,Western,2019,7,2019-07-01,12161.2,63.0,193.03
Gujarat,Western,2019,8,2019-08-01,12370.4,63.0,196.36
Gujarat,Western,2019,9,2019-09-01,11797.6,63.0,187.26
Gujarat,Western,2019,10,2019-10-01,11264.4,63.0,178.8
Gujarat,Western,2019,11,2019-11-01,11228.9,63.0,178.24
Gujarat,Western,2019,12,2019-12-01,11004.7,63.0,174.68
Gujarat,Western,2020,1,2020-01-01,11668.9,63.0,185.22
Gujarat,Western,2020,2,2020-02-01,10926.3,63.0,173.43
Gujarat,Western,2020,3,2020-03-01,10639.3,63.0,168.88
Gujarat,Western,2020,4,2020-04-01,8350.1,63.0,132.54
Gujarat,Western,2020,5,2020-05-01,10275.2,63.0,163.1
Gujarat,Western,2020,6,2020-06-01,12216.1,63.0,193.91
Gujarat,Western,2020,7,2020-07-01,12243.0,63.0,194.33
Gujarat,Western,2020,8,2020-08-01,12409.9,63.0,196.98
Gujarat,Western,2020,9,2020-09-01,12366.1,63.0,196.29
Gujarat,Western,2020,10,2020-10-01,12400.7,63.0,196.84
Gujarat,Western,2020,11,2020-11-01,11935.0,63.0,189.44
Gujarat,Western,2020,12,2020-12-01,12606.0,63.0,200.1
Haryana,Northern,2019,1,2019-01-01,4725.5,28.0,168.77
Haryana,Northern,2019,2,2019-02-01,4538.1,28.0,162.07
Haryana,Northern,2019,3,2019-03-01,4931.3,28.0,176.12
Haryana,Northern,2019,4,2019-04-01,5289.5,28.0,188.91
Haryana,Northern,2019,5,2019-05-01,5705.4,28.0,203.76
Haryana,Northern,2019,6,2019-06-01,5638.7,28.0,201.38
Haryana,Northern,2019,7,2019-07-01,5326.0,28.0,190.21
Haryana,Northern,2019,8,2019-08-01,5266.5,28.0,188.09
Haryana,Northern,2019,9,2019-09-01,5101.0,28.0,182.18
Haryana,Northern,2019,10,2019-10-01,5054.9,28.0,180.53
Haryana,Northern,2019,11,2019-11-01,4775.0,28.0,170.54
Haryana,Northern,2019,12,2019-12-01,5042.7,28.0,180.1
Haryana,Northern,2020,1,2020-01-01,5074.8,28.0,181.24
Haryana,Northern,2020,2,2020-02-01,4802.8,28.0,171.53
Haryana,Northern,2020,3,2020-03-01,4699.8,28.0,167.85
Haryana,Northern,2020,4,2020-04-01,3917.1,28.0,139.9
Haryana,Northern,2020,5,2020-05-01,4609.3,28.0,164.62
Haryana,Northern,2020,6,2020-06-01,5418.9,28.0,193.53
Haryana,Northern,2020,7,2020-07-01,5383.6,28.0,192.27
Haryana,Northern,2020,8,2020-08-01,5399.7,28.0,192.85
Haryana,Northern,2020,9,2020-09-01,5390.1,28.0,192.5
Haryana,Northern,2020,10,2020-10-01,5276.6,28.0,188.45
Haryana,Northern,2020,11,2020-11-01,5147.3,28.0,183.83
Haryana,Northern,2020,12,2020-12-01,5407.2,28.0,193.11
Himachal Pradesh,Northern,2019,1,2019-01-01,833.8,7.0,119.11
Himachal Pradesh,Northern,2019,2,2019-02-01,794.8,7.0,113.54
Himachal Pradesh,Northern,2019,3,2019-03-01,903.6,7.0,129.09
Himachal Pradesh,Northern,2019,4,2019-04-01,924.7,7.0,132.1
Himachal Pradesh,Northern,2019,5,2019-05-01,1001.3,7.0,143.04
Himachal Pradesh,Northern,2019,6,2019-06-01,991.9,7.0,141.7
Himachal Pradesh,Northern,2019,7,2019-07-01,956.2,7.0,136.6
Himachal Pradesh,Northern,2019,8,2019-08-01,898.2,7.0,128.31
Himachal Pradesh,Northern,2019,9,2019-09-01,915.7,7.0,130.81
Himachal Pradesh,Northern,2019,10,2019-10-01,873.1,7.0,124.73
Himachal Pradesh,Northern,2019,11,2019-11-01,833.5,7.0,119.07
Himachal Pradesh,Northern,2019,12,2019-12-01,860.9,7.0,122.99
Himachal Pradesh,Northern,2020,1,2020-01-01,889.9,7.0,127.13
Himachal Pradesh,Northern,2020,2,2020-02-01,850.9,7.0,121.56
Himachal Pradesh,Northern,2020,3,2020-03-01,851.3,7.0,121.61
Himachal Pradesh,Northern,2020,4,2020-04-01,707.8,7.0,101.11
Himachal Pradesh,Northern,2020,5,2020-05-01,838.1,7.0,119.73
Himachal Pradesh,Northern,2020,6,2020-06-01,964.0,7.0,137.71
Himachal Pradesh,Northern,2020,7,2020-07-01,969.9,7.0,138.56
Himachal Pradesh,Northern,2020,8,2020-08-01,937.7,7.0,133.96
Himachal Pradesh,Northern,2020,9,2020-09-01,993.7,7.0,141.96
Himachal Pradesh,Northern,2020,10,2020-10-01,923.3,7.0,131.9
Himachal Pradesh,Northern,2020,11,2020-11-01,911.3,7.0,130.19
Himachal Pradesh,Northern,2020,12,2020-12-01,948.2,7.0,135.46
Jammu and Kashmir,Northern,2019,1,2019-01-01,1214.1,13.0,93.39
Jammu and Kashmir,Northern,2019,2,2019-02-01,1159.1,13.0,89.16
Jammu and Kashmir,Northern,2019,3,2019-03-01,1270.0,13.0,97.69
Jammu and Kashmir,Northern,2019,4,2019-04-01,1354.9,13.0,104.22
Jammu and Kashmir,Northern,2019,5,2019-05-01,1443.1,13.0,111.01
Jammu and Kashmir,Northern,2019,6,2019-06-01,1448.2,13.0,111.4
Jammu and Kashmir,Northern,2019,7,2019-07-01,1359.2,13.0,104.55
Jammu and Kashmir,Northern,2019,8,2019-08-01,1312.2,13.0,100.94
Jammu and Kashmir,Northern,2019,9,2019-09-01,1317.5,13.0,101.35
Jammu and Kashmir,Northern,2019,10,2019-10-01,1266.8,13.0,97.45
Jammu and Kashmir,Northern,2019,11,2019-11-01,1236.9,13.0,95.15
Jammu and Kashmir,Northern,2019,12,2019-12-01,1246.7,13.0,95.9
Jammu and Kashmir,Northern,2020,1,2020-01-01,1265.6,13.0,97.35
Jammu and Kashmir,Northern,2020,2,2020-02-01,1229.8,13.0,94.6
Jammu and Kashmir,Northern,2020,3,2020-03-01,1267.3,13.0,97.48
Jammu and Kashmir,Northern,2020,4,2020-04-01,1123.7,13.0,86.44
Jammu and Kashmir,Northern,2020,5,2020-05-01,1276.3,13.0,98.18
Jammu and Kashmir,Northern,2020,6,2020-06-01,1409.1,13.0,108.39
Jammu and Kashmir,Northern,2020,7,2020-07-01,1408.0,13.0,108.31
Jammu and Kashmir,Northern,2020,8,2020-08-01,1373.0,13.0,105.62
Jammu and Kashmir,Northern,2020,9,2020-09-01,1400.3,13.0,107.72
Jammu and Kashmir,Northern,2020,10,2020-10-01,1364.2,13.0,104.94
Jammu and Kashmir,Northern,2020,11,2020-11-01,1311.5,13.0,100.88
Jammu and Kashmir,Northern,2020,12,2020-12-01,1372.7,13.0,105.59
Jharkhand,Eastern,2019,1,2019-01-01,3081.0,39.0,79.0
Jharkhand,Eastern,2019,2,2019-02-01,2929.7,39.0,75.12
Jharkhand,Eastern,2019,3,2019-03-01,3265.0,39.0,83.72
Jharkhand,Eastern,2019,4,2019-04-01,3378.6,39.0,86.63
Jharkhand,Eastern,2019,5,2019-05-01,3692.3,39.0,94.67
Jharkhand,Eastern,2019,6,2019-06-01,3564.1,39.0,91.39
Jharkhand,Eastern,2019,7,2019-07-01,3398.4,39.0,87.14
Jharkhand,Eastern,2019,8,2019-08-01,3368.4,39.0,86.37
Jharkhand,Eastern,2019,9,2019-09-01,3257.4,39.0,83.52
Jharkhand,Eastern,2019,10,2019-10-01,3182.5,39.0,81.6
Jharkhand,Eastern,2019,11,2019-11-01,3148.8,39.0,80.74
Jharkhand,Eastern,2019,12,2019-12-01,3107.9,39.0,79.69
Jharkhand,Eastern,2020,1,2020-01-01,3293.9,39.0,84.46
Jharkhand,Eastern,2020,2,2020-02-01,3094.9,39.0,79.36
Jharkhand,Eastern,2020,3,2020-03-01,3068.3,39.0,78.67
Jharkhand,Eastern,2020,4,2020-04-01,2407.5,39.0,61.73
Jharkhand,Eastern,2020,5,2020-05-01,2758.5,39.0,70.73
Jharkhand,Eastern,2020,6,2020-06-01,3376.0,39.0,86.56
Jharkhand,Eastern,2020,7,2020-07-01,3463.9,39.0,88.82
Jharkhand,Eastern,2020,8,2020-08-01,3477.4,39.0,89.16
Jharkhand,Eastern,2020,9,2020-09-01,3555.8,39.0,91.17
Jharkhand,Eastern,2020,10,2020-10-01,3472.3,39.0,89.03
Jharkhand,Eastern,2020,11,2020-11-01,3364.2,39.0,86.26
Jharkhand,Eastern,2020,12,2020-12-01,3459.9,39.0,88.72
Karnataka,Southern,2019,1,2019-01-01,8450.1,67.0,126.12
Karnataka,Southern,2019,2,2019-02-01,8240.1,67.0,122.99
Karnataka,Southern,2019,3,2019-03-01,9071.8,67.0,135.4
Karnataka,Southern,2019,4,2019-04-01,9578.3,67.0,142.96
Karnataka,Southern,2019,5,2019-05-01,10176.9,67.0,151.89
Karnataka,Southern,2019,6,2019-06-01,10157.0,67.0,151.6
Karnataka,Southern,2019,7,2019-07-01,9603.2,67.0,143.33
Karnataka,Southern,2019,8,2019-08-01,9312.6,67.0,138.99
Karnataka,Southern,2019,9,2019-09-01,9135.0,67.0,136.34
Karnataka,Southern,2019,10,2019-10-01,8955.1,67.0,133.66
Karnataka,Southern,2019,11,2019-11-01,8460.2,67.0,126.27
Karnataka,Southern,2019,12,2019-12-01,8555.5,67.0,127.69
Karnataka,Southern,2020,1,2020-01-01,8971.6,67.0,133.9
Karnataka,Southern,2020,2,2020-02-01,8748.7,67.0,130.58
Karnataka,Southern,2020,3,2020-03-01,8656.7,67.0,129.2
Karnataka,Southern,2020,4,2020-04-01,7170.6,67.0,107.02
Karnataka,Southern,2020,5,2020-05-01,8450.2,67.0,126.12
Karnataka,Southern,2020,6,2020-06-01,9648.4,67.0,144.01
Karnataka,Southern,2020,7,2020-07-01,9640.3,67.0,143.89
Karnataka,Southern,2020,8,2020-08-01,9604.6,67.0,143.35
Karnataka,Southern,2020,9,2020-09-01,9845.6,67.0,146.95
Karnataka,Southern,2020,10,2020-10-01,9697.6,67.0,144.74
Karnataka,Southern,2020,11,2020-11-01,9393.3,67.0,140.2
Karnataka,Southern,2020,12,2020-12-01,9511.0,67.0,141.96
Kerala,Southern,2019,1,2019-01-01,3354.0,35.0,95.83
Kerala,Southern,2019,2,2019-02-01,3265.0,35.0,93.29
Kerala,Southern,2019,3,2019-03-01,3565.7,35.0,101.88
Kerala,Southern,2019,4,2019-04-01,3716.2,35.0,106.18
Kerala,Southern,2019,5,2019-05-01,3939.2,35.0,112.55
Kerala,Southern,2019,6,2019-06-01,4035.9,35.0,115.31
Kerala,Southern,2019,7,2019-07-01,3762.7,35.0,107.51
Kerala,Southern,2019,8,2019-08-01,3630.8,35.0,103.74
Kerala,Southern,2019,9,2019-09-01,3683.8,35.0,105.25
Kerala,Southern,2019,10,2019-10-01,3498.1,35.0,99.95
Kerala,Southern,2019,11,2019-11-01,3443.9,35.0,98.4
Kerala,Southern,2019,12,2019-12-01,3423.5,35.0,97.81
Kerala,Southern,2020,1,2020-01-01,3658.6,35.0,104.53
Kerala,Southern,2020,2,2020-02-01,3524.8,35.0,100.71
Kerala,Southern,2020,3,2020-03-01,3436.6,35.0,98.19
Kerala,Southern,2020,4,2020-04-01,3055.7,35.0,87.31
Kerala,Southern,2020,5,2020-05-01,3511.6,35.0,100.33
Kerala,Southern,2020,6,2020-06-01,3951.4,35.0,112.9
Kerala,Southern,2020,7,2020-07-01,3759.4,35.0,107.41
Kerala,Southern,2020,8,2020-08-01,3871.3,35.0,110.61
Kerala,Southern,2020,9,2020-09-01,3908.8,35.0,111.68
Kerala,Southern,2020,10,2020-10-01,3693.8,35.0,105.54
Kerala,Southern,2020,11,2020-11-01,3582.0,35.0,102.34
Kerala,Southern,2020,12,2020-12-01,3631.3,35.0,103.75
Madhya Pradesh,Western,2019,1,2019-01-01,5855.9,82.0,71.41
Madhya Pradesh,Western,2019,2,2019-02-01,5803.1,82.0,70.77
Madhya Pradesh,Western,2019,3,2019-03-01,5931.4,82.0,72.33
Madhya Pradesh,Western,2019,4,2019-04-01,6696.6,82.0,81.67
Madhya Pradesh,Western,2019,5,2019-05-01,7065.2,82.0,86.16
Madhya Pradesh,Western,2019,6,2019-06-01,6898.9,82.0,84.13
Madhya Pradesh,Western,2019,7,2019-07-01,6561.0,82.0,80.01
Madhya Pradesh,Western,2019,8,2019-08-01,6234.4,82.0,76.03
Madhya Pradesh,Western,2019,9,2019-09-01,6279.2,82.0,76.58
Madhya Pradesh,Western,2019,10,2019-10-01,6143.7,82.0,74.92
Madhya Pradesh,Western,2019,11,2019-11-01,6053.3,82.0,73.82
Madhya Pradesh,Western,2019,12,2019-12-01,5938.5,82.0,72.42
Madhya Pradesh,Western,2020,1,2020-01-01,6135.2,82.0,74.82
Madhya Pradesh,Western,2020,2,2020-02-01,5965.0,82.0,72.74
Madhya Pradesh,Western,2020,3,2020-03-01,5997.4,82.0,73.14
Madhya Pradesh,Western,2020,4,2020-04-01,4881.8,82.0,59.53
Madhya Pradesh,Western,2020,5,2020-05-01,5710.4,82.0,69.64
Madhya Pradesh,Western,2020,6,2020-06-01,6691.7,82.0,81.61
Madhya Pradesh,Western,2020,7,2020-07-01,6621.4,82.0,80.75
Madhya Pradesh,Western,2020,8,2020-08-01,6777.8,82.0,82.66
Madhya Pradesh,Western,2020,9,2020-09-01,6671.8,82.0,81.36
Madhya Pradesh,Western,2020,10,2020-10-01,6633.4,82.0,80.9
Madhya Pradesh,Western,2020,11,2020-11-01,6361.5,82.0,77.58
Madhya Pradesh,Western,2020,12,2020-12-01,6445.6,82.0,78.6
Maharashtra,Western,2019,1,2019-01-01,13304.4,123.0,108.17
Maharashtra,Western,2019,2,2019-02-01,12753.5,123.0,103.69
Maharashtra,Western,2019,3,2019-03-01,14051.2,123.0,114.24
Maharashtra,Western,2019,4,2019-04-01,15250.6,123.0,123.99
Maharashtra,Western,2019,5,2019-05-01,15848.1,123.0,128.85
Maharashtra,Western,2019,6,2019-06-01,15565.1,123.0,126.55
Maharashtra,Western,2019,7,2019-07-01,15117.8,123.0,122.91
Maharashtra,Western,2019,8,2019-08-01,14650.7,123.0,119.11
Maharashtra,Western,2019,9,2019-09-01,14100.0,123.0,114.63
Maharashtra,Western,2019,10,2019-10-01,13886.1,123.0,112.9
Maharashtra,Western,2019,11,2019-11-01,13255.2,123.0,107.77
Maharashtra,Western,2019,12,2019-12-01,13395.8,123.0,108.91
Maharashtra,Western,2020,1,2020-01-01,14049.2,123.0,114.22
Maharashtra,Western,2020,2,2020-02-01,13158.0,123.0,106.98
Maharashtra,Western,2020,3,2020-03-01,12794.4,123.0,104.02
Maharashtra,Western,2020,4,2020-04-01,10175.1,123.0,82.72
Maharashtra,Western,2020,5,2020-05-01,12235.1,123.0,99.47
Maharashtra,Western,2020,6,2020-06-01,14812.0,123.0,120.42
Maharashtra,Western,2020,7,2020-07-01,14594.7,123.0,118.66
Maharashtra,Western,2020,8,2020-08-01,14698.4,123.0,119.5
Maharashtra,Western,2020,9,2020-09-01,15547.8,123.0,126.4
Maharashtra,Western,2020,10,2020-10-01,15019.0,123.0,122.11
Maharashtra,Western,2020,11,2020-11-01,14466.9,123.0,117.62
Maharashtra,Western,2020,12,2020-12-01,14593.9,123.0,118.65
Manipur,Northeastern,2019,1,2019-01-01,131.7,3.2,41.16
Manipur,Northeastern,2019,2,2019-02-01,124.3,3.2,38.84
Manipur,Northeastern,2019,3,2019-03-01,139.0,3.2,43.44
Manipur,Northeastern,2019,4,2019-04-01,150.0,3.2,46.88
Manipur,Northeastern,2019,5,2019-05-01,157.8,3.2,49.31
Manipur,Northeastern,2019,6,2019-06-01,158.3,3.2,49.47
Manipur,Northeastern,2019,7,2019-07-01,143.9,3.2,44.97
Manipur,Northeastern,2019,8,2019-08-01,140.1,3.2,43.78
Manipur,Northeastern,2019,9,2019-09-01,136.3,3.2,42.59
Manipur,Northeastern,2019,10,2019-10-01,138.8,3.2,43.38
Manipur,Northeastern,2019,11,2019-11-01,132.9,3.2,41.53
Manipur,Northeastern,2019,12,2019-12-01,132.9,3.2,41.53
Manipur,Northeastern,2020,1,2020-01-01,138.6,3.2,43.31
Manipur,Northeastern,2020,2,2020-02-01,131.3,3.2,41.03
Manipur,Northeastern,2020,3,2020-03-01,140.3,3.2,43.84
Manipur,Northeastern,2020,4,2020-04-01,121.4,3.2,37.94
Manipur,Northeastern,2020,5,2020-05-01,138.7,3.2,43.34
Manipur,Northeastern,2020,6,2020-06-01,153.5,3.2,47.97
Manipur,Northeastern,2020,7,2020-07-01,150.0,3.2,46.88
Manipur,Northeastern,2020,8,2020-08-01,149.8,3.2,46.81
Manipur,Northeastern,2020,9,2020-09-01,147.8,3.2,46.19
Manipur,Northeastern,2020,10,2020-10-01,148.3,3.2,46.34
Manipur,Northeastern,2020,11,2020-11-01,145.6,3.2,45.5
Manipur,Northeastern,2020,12,2020-12-01,148.3,3.2,46.34
Meghalaya,Northeastern,2019,1,2019-01-01,205.3,3.4,60.38
Meghalaya,Northeastern,2019,2,2019-02-01,200.3,3.4,58.91
Meghalaya,Northeastern,2019,3,2019-03-01,210.8,3.4,62.0
Meghalaya,Northeastern,2019,4,2019-04-01,235.0,3.4,69.12
Meghalaya,Northeastern,2019,5,2019-05-01,247.7,3.4,72.85
Meghalaya,Northeastern,2019,6,2019-06-01,240.5,3.4,70.74
Meghalaya,Northeastern,2019,7,2019-07-01,231.0,3.4,67.94
Meghalaya,Northeastern,2019,8,2019-08-01,232.0,3.4,68.24
Meghalaya,Northeastern,2019,9,2019-09-01,220.6,3.4,64.88
Meghalaya,Northeastern,2019,10,2019-10-01,214.2,3.4,63.0
Meghalaya,Northeastern,2019,11,2019-11-01,205.4,3.4,60.41
Meghalaya,Northeastern,2019,12,2019-12-01,206.3,3.4,60.68
Meghalaya,Northeastern,2020,1,2020-01-01,219.6,3.4,64.59
Meghalaya,Northeastern,2020,2,2020-02-01,207.2,3.4,60.94
Meghalaya,Northeastern,2020,3,2020-03-01,210.5,3.4,61.91
Meghalaya,Northeastern,2020,4,2020-04-01,180.9,3.4,53.21
Meghalaya,Northeastern,2020,5,2020-05-01,212.6,3.4,62.53
Meghalaya,Northeastern,2020,6,2020-06-01,237.2,3.4,69.76
Meghalaya,Northeastern,2020,7,2020-07-01,236.5,3.4,69.56
Meghalaya,Northeastern,2020,8,2020-08-01,232.3,3.4,68.32
Meghalaya,Northeastern,2020,9,2020-09-01,234.2,3.4,68.88
Meghalaya,Northeastern,2020,10,2020-10-01,228.6,3.4,67.24
Meghalaya,Northeastern,2020,11,2020-11-01,221.4,3.4,65.12
Meghalaya,Northeastern,2020,12,2020-12-01,230.4,3.4,67.76
Nagaland,Northeastern,2019,1,2019-01-01,101.9,2.2,46.32
Nagaland,Northeastern,2019,2,2019-02-01,100.0,2.2,45.45
Nagaland,Northeastern,2019,3,2019-03-01,110.8,2.2,50.36
Nagaland,Northeastern,2019,4,2019-04-01,117.5,2.2,53.41
Nagaland,Northeastern,2019,5,2019-05-01,122.7,2.2,55.77
Nagaland,Northeastern,2019,6,2019-06-01,119.0,2.2,54.09
Nagaland,Northeastern,2019,7,2019-07-01,118.8,2.2,54.0
Nagaland,Northeastern,2019,8,2019-08-01,112.3,2.2,51.05
Nagaland,Northeastern,2019,9,2019-09-01,110.0,2.2,50.0
Nagaland,Northeastern,2019,10,2019-10-01,106.7,2.2,48.5
Nagaland,Northeastern,2019,11,2019-11-01,103.7,2.2,47.14
Nagaland,Northeastern,2019,12,2019-12-01,104.3,2.2,47.41
Nagaland,Northeastern,2020,1,2020-01-01,107.5,2.2,48.86
Nagaland,Northeastern,2020,2,2020-02-01,104.1,2.2,47.32
Nagaland,Northeastern,2020,3,2020-03-01,106.4,2.2,48.36
Nagaland,Northeastern,2020,4,2020-04-01,95.0,2.2,43.18
Nagaland,Northeastern,2020,5,2020-05-01,108.1,2.2,49.14
Nagaland,Northeastern,2020,6,2020-06-01,119.7,2.2,54.41
Nagaland,Northeastern,2020,7,2020-07-01,116.7,2.2,53.05
Nagaland,Northeastern,2020,8,2020-08-01,120.0,2.2,54.55
Nagaland,Northeastern,2020,9,2020-09-01,112.8,2.2,51.27
Nagaland,Northeastern,2020,10,2020-10-01,117.6,2.2,53.45
Nagaland,Northeastern,2020,11,2020-11-01,113.3,2.2,51.5
Nagaland,Northeastern,2020,12,2020-12-01,110.6,2.2,50.27
Odisha,Eastern,2019,1,2019-01-01,5662.1,46.0,123.09
Odisha,Eastern,2019,2,2019-02-01,5411.3,46.0,117.64
Odisha,Eastern,2019,3,2019-03-01,5833.9,46.0,126.82
Odisha,Eastern,2019,4,2019-04-01,6424.5,46.0,139.66
Odisha,Eastern,2019,5,2019-05-01,6754.5,46.0,146.84
Odisha,Eastern,2019,6,2019-06-01,6566.9,46.0,142.76
Odisha,Eastern,2019,7,2019-07-01,6282.5,46.0,136.58
Odisha,Eastern,2019,8,2019-08-01,6121.1,46.0,133.07
Odisha,Eastern,2019,9,2019-09-01,6254.4,46.0,135.97
Odisha,Eastern,2019,10,2019-10-01,5995.2,46.0,130.33
Odisha,Eastern,2019,11,2019-11-01,5733.3,46.0,124.64
Odisha,Eastern,2019,12,2019-12-01,5923.6,46.0,128.77
Odisha,Eastern,2020,1,2020-01-01,6020.4,46.0,130.88
Odisha,Eastern,2020,2,2020-02-01,5744.2,46.0,124.87
Odisha,Eastern,2020,3,2020-03-01,5719.2,46.0,124.33
Odisha,Eastern,2020,4,2020-04-01,4268.6,46.0,92.8
Odisha,Eastern,2020,5,2020-05-01,5117.1,46.0,111.24
Odisha,Eastern,2020,6,2020-06-01,6258.2,46.0,136.05
Odisha,Eastern,2020,7,2020-07-01,6246.1,46.0,135.78
Odisha,Eastern,2020,8,2020-08-01,6306.6,46.0,137.1
Odisha,Eastern,2020,9,2020-09-01,6630.0,46.0,144.13
Odisha,Eastern,2020,10,2020-10-01,6670.8,46.0,145.02
Odisha,Eastern,2020,11,2020-11-01,6085.3,46.0,132.29
Odisha,Eastern,2020,12,2020-12-01,6475.1,46.0,140.76
Puducherry,Southern,2019,1,2019-01-01,352.0,1.6,220.0
Puducherry,Southern,2019,2,2019-02-01,345.7,1.6,216.06
Puducherry,Southern,2019,3,2019-03-01,380.8,1.6,238.0
Puducherry,Southern,2019,4,2019-04-01,399.4,1.6,249.62
Puducherry,Southern,2019,5,2019-05-01,436.0,1.6,272.5
Puducherry,Southern,2019,6,2019-06-01,409.3,1.6,255.81
Puducherry,Southern,2019,7,2019-07-01,385.1,1.6,240.69
Puducherry,Southern,2019,8,2019-08-01,387.3,1.6,242.06
Puducherry,Southern,2019,9,2019-09-01,382.2,1.6,238.88
Puducherry,Southern,2019,10,2019-10-01,368.4,1.6,230.25
Puducherry,Southern,2019,11,2019-11-01,346.1,1.6,216.31
Puducherry,Southern,2019,12,2019-12-01,360.5,1.6,225.31
Puducherry,Southern,2020,1,2020-01-01,367.3,1.6,229.56
Puducherry,Southern,2020,2,2020-02-01,366.2,1.6,228.88
Puducherry,Southern,2020,3,2020-03-01,362.0,1.6,226.25
Puducherry,Southern,2020,4,2020-04-01,299.6,1.6,187.25
Puducherry,Southern,2020,5,2020-05-01,353.1,1.6,220.69
Puducherry,Southern,2020,6,2020-06-01,397.7,1.6,248.56
Puducherry,Southern,2020,7,2020-07-01,400.1,1.6,250.06
Puducherry,Southern,2020,8,2020-08-01,409.4,1.6,255.88
Puducherry,Southern,2020,9,2020-09-01,400.5,1.6,250.31
Puducherry,Southern,2020,10,2020-10-01,404.4,1.6,252.75
Puducherry,Southern,2020,11,2020-11-01,382.5,1.6,239.06
Puducherry,Southern,2020,12,2020-12-01,391.9,1.6,244.94
Punjab,Northern,2019,1,2019-01-01,4948.2,30.0,164.94
Punjab,Northern,2019,2,2019-02-01,4825.9,30.0,160.86
Punjab,Northern,2019,3,2019-03-01,5097.6,30.0,169.92
Punjab,Northern,2019,4,2019-04-01,5454.8,30.0,181.83
Punjab,Northern,2019,5,2019-05-01,5982.5,30.0,199.42
Punjab,Northern,2019,6,2019-06-01,5856.0,30.0,195.2
Punjab,Northern,2019,7,2019-07-01,5532.7,30.0,184.42
Punjab,Northern,2019,8,2019-08-01,5434.1,30.0,181.14
Punjab,Northern,2019,9,2019-09-01,5245.9,30.0,174.86
Punjab,Northern,2019,10,2019-10-01,5158.9,30.0,171.96
Punjab,Northern,2019,11,2019-11-01,5003.9,30.0,166.8
Punjab,Northern,2019,12,2019-12-01,4981.0,30.0,166.03
Punjab,Northern,2020,1,2020-01-01,5371.0,30.0,179.03
Punjab,Northern,2020,2,2020-02-01,5092.1,30.0,169.74
Punjab,Northern,2020,3,2020-03-01,4901.1,30.0,163.37
Punjab,Northern,2020,4,2020-04-01,4172.8,30.0,139.09
Punjab,Northern,2020,5,2020-05-01,4807.4,30.0,160.25
Punjab,Northern,2020,6,2020-06-01,5667.5,30.0,188.92
Punjab,Northern,2020,7,2020-07-01,5666.1,30.0,188.87
Punjab,Northern,2020,8,2020-08-01,5553.9,30.0,185.13
Punjab,Northern,2020,9,2020-09-01,5753.4,30.0,191.78
Punjab,Northern,2020,10,2020-10-01,5639.8,30.0,187.99
Punjab,Northern,2020,11,2020-11-01,5447.8,30.0,181.59
Punjab,Northern,2020,12,2020-12-01,5698.0,30.0,189.93
Rajasthan,Northern,2019,1,2019-01-01,6437.6,81.0,79.48
Rajasthan,Northern,2019,2,2019-02-01,6094.0,81.0,75.23
Rajasthan,Northern,2019,3,2019-03-01,6779.6,81.0,83.7
Rajasthan,Northern,2019,4,2019-04-01,7286.9,81.0,89.96
Rajasthan,Northern,2019,5,2019-05-01,7625.5,81.0,94.14
Rajasthan,Northern,2019,6,2019-06-01,7607.5,81.0,93.92
Rajasthan,Northern,2019,7,2019-07-01,7182.3,81.0,88.67
Rajasthan,Northern,2019,8,2019-08-01,6917.3,81.0,85.4
Rajasthan,Northern,2019,9,2019-09-01,6937.0,81.0,85.64
Rajasthan,Northern,2019,10,2019-10-01,6749.3,81.0,83.32
Rajasthan,Northern,2019,11,2019-11-01,6591.4,81.0,81.38
Rajasthan,Northern,2019,12,2019-12-01,6658.6,81.0,82.2
Rajasthan,Northern,2020,1,2020-01-01,6661.5,81.0,82.24
Rajasthan,Northern,2020,2,2020-02-01,6490.0,81.0,80.12
Rajasthan,Northern,2020,3,2020-03-01,6558.6,81.0,80.97
Rajasthan,Northern,2020,4,2020-04-01,5460.6,81.0,67.41
Rajasthan,Northern,2020,5,2020-05-01,6432.3,81.0,79.41
Rajasthan,Northern,2020,6,2020-06-01,7727.4,81.0,95.4
Rajasthan,Northern,2020,7,2020-07-01,7318.8,81.0,90.36
Rajasthan,Northern,2020,8,2020-08-01,7447.7,81.0,91.95
Rajasthan,Northern,2020,9,2020-09-01,7488.4,81.0,92.45
Rajasthan,Northern,2020,10,2020-10-01,7365.9,81.0,90.94
Rajasthan,Northern,2020,11,2020-11-01,6971.3,81.0,86.07
Rajasthan,Northern,2020,12,2020-12-01,7291.6,81.0,90.02
Tamil Nadu,Southern,2019,1,2019-01-01,12145.5,77.0,157.73
Tamil Nadu,Southern,2019,2,2019-02-01,11751.7,77.0,152.62
Tamil Nadu,Southern,2019,3,2019-03-01,12889.6,77.0,167.4
Tamil Nadu,Southern,2019,4,2019-04-01,13549.3,77.0,175.96
Tamil Nadu,Southern,2019,5,2019-05-01,14595.8,77.0,189.56
Tamil Nadu,Southern,2019,6,2019-06-01,14124.0,77.0,183.43
Tamil Nadu,Southern,2019,7,2019-07-01,13481.2,77.0,175.08
Tamil Nadu,Southern,2019,8,2019-08-01,13132.3,77.0,170.55
Tamil Nadu,Southern,2019,9,2019-09-01,12918.8,77.0,167.78
Tamil Nadu,Southern,2019,10,2019-10-01,12624.7,77.0,163.96
Tamil Nadu,Southern,2019,11,2019-11-01,11977.2,77.0,155.55
Tamil Nadu,Southern,2019,12,2019-12-01,12639.6,77.0,164.15
Tamil Nadu,Southern,2020,1,2020-01-01,12524.9,77.0,162.66
Tamil Nadu,Southern,2020,2,2020-02-01,12082.5,77.0,156.92
Tamil Nadu,Southern,2020,3,2020-03-01,12215.4,77.0,158.64
Tamil Nadu,Southern,2020,4,2020-04-01,9693.2,77.0,125.89
Tamil Nadu,Southern,2020,5,2020-05-01,11599.9,77.0,150.65
Tamil Nadu,Southern,2020,6,2020-06-01,13604.1,77.0,176.68
Tamil Nadu,Southern,2020,7,2020-07-01,13479.0,77.0,175.05
Tamil Nadu,Southern,2020,8,2020-08-01,13473.6,77.0,174.98
Tamil Nadu,Southern,2020,9,2020-09-01,13830.6,77.0,179.62
Tamil Nadu,Southern,2020,10,2020-10-01,13534.7,77.0,175.78
Tamil Nadu,Southern,2020,11,2020-11-01,13310.2,77.0,172.86
Tamil Nadu,Southern,2020,12,2020-12-01,13495.7,77.0,175.27
Telangana,Southern,2019,1,2019-01-01,6160.0,39.0,157.95
Telangana,Southern,2019,2,2019-02-01,6043.6,39.0,154.96
Telangana,Southern,2019,3,2019-03-01,6599.7,39.0,169.22
Telangana,Southern,2019,4,2019-04-01,7233.0,39.0,185.46
Telangana,Southern,2019,5,2019-05-01,7611.0,39.0,195.15
Telangana,Southern,2019,6,2019-06-01,7306.2,39.0,187.34
Telangana,Southern,2019,7,2019-07-01,6874.1,39.0,176.26
Telangana,Southern,2019,8,2019-08-01,6884.4,39.0,176.52
Telangana,Southern,2019,9,2019-09-01,6567.3,39.0,168.39
Telangana,Southern,2019,10,2019-10-01,6677.5,39.0,171.22
Telangana,Southern,2019,11,2019-11-01,6409.4,39.0,164.34
Telangana,Southern,2019,12,2019-12-01,6320.2,39.0,162.06
Telangana,Southern,2020,1,2020-01-01,6435.1,39.0,165.0
Telangana,Southern,2020,2,2020-02-01,6521.6,39.0,167.22
Telangana,Southern,2020,3,2020-03-01,6275.4,39.0,160.91
Telangana,Southern,2020,4,2020-04-01,5242.8,39.0,134.43
Telangana,Southern,2020,5,2020-05-01,5960.3,39.0,152.83
Telangana,Southern,2020,6,2020-06-01,6992.5,39.0,179.29
Telangana,Southern,2020,7,2020-07-01,7029.1,39.0,180.23
Telangana,Southern,2020,8,2020-08-01,7108.8,39.0,182.28
Telangana,Southern,2020,9,2020-09-01,7122.9,39.0,182.64
Telangana,Southern,2020,10,2020-10-01,7156.9,39.0,183.51
Telangana,Southern,2020,11,2020-11-01,6697.2,39.0,171.72
Telangana,Southern,2020,12,2020-12-01,6995.3,39.0,179.37
Tripura,Northeastern,2019,1,2019-01-01,180.9,4.1,44.12
Tripura,Northeastern,2019,2,2019-02-01,169.7,4.1,41.39
Tripura,Northeastern,2019,3,2019-03-01,183.4,4.1,44.73
Tripura,Northeastern,2019,4,2019-04-01,199.1,4.1,48.56
Tripura,Northeastern,2019,5,2019-05-01,213.0,4.1,51.95
Tripura,Northeastern,2019,6,2019-06-01,212.4,4.1,51.8
Tripura,Northeastern,2019,7,2019-07-01,192.6,4.1,46.98
Tripura,Northeastern,2019,8,2019-08-01,198.2,4.1,48.34
Tripura,Northeastern,2019,9,2019-09-01,189.5,4.1,46.22
Tripura,Northeastern,2019,10,2019-10-01,183.1,4.1,44.66
Tripura,Northeastern,2019,11,2019-11-01,175.9,4.1,42.9
Tripura,Northeastern,2019,12,2019-12-01,176.0,4.1,42.93
Tripura,Northeastern,2020,1,2020-01-01,189.6,4.1,46.24
Tripura,Northeastern,2020,2,2020-02-01,181.5,4.1,44.27
Tripura,Northeastern,2020,3,2020-03-01,179.2,4.1,43.71
Tripura,Northeastern,2020,4,2020-04-01,158.0,4.1,38.54
Tripura,Northeastern,2020,5,2020-05-01,184.4,4.1,44.98
Tripura,Northeastern,2020,6,2020-06-01,210.2,4.1,51.27
Tripura,Northeastern,2020,7,2020-07-01,200.9,4.1,49.0
Tripura,Northeastern,2020,8,2020-08-01,197.8,4.1,48.24
Tripura,Northeastern,2020,9,2020-09-01,202.3,4.1,49.34
Tripura,Northeastern,2020,10,2020-10-01,199.3,4.1,48.61
Tripura,Northeastern,2020,11,2020-11-01,184.6,4.1,45.02
Tripura,Northeastern,2020,12,2020-12-01,197.4,4.1,48.15
Uttar Pradesh,Northern,2019,1,2019-01-01,11857.0,231.0,51.33
Uttar Pradesh,Northern,2019,2,2019-02-01,11185.3,231.0,48.42
Uttar Pradesh,Northern,2019,3,2019-03-01,12607.8,231.0,54.58
Uttar Pradesh,Northern,2019,4,2019-04-01,12951.8,231.0,56.07
Uttar Pradesh,Northern,2019,5,2019-05-01,14236.2,231.0,61.63
Uttar Pradesh,Northern,2019,6,2019-06-01,14315.4,231.0,61.97
Uttar Pradesh,Northern,2019,7,2019-07-01,12909.3,231.0,55.88
Uttar Pradesh,Northern,2019,8,2019-08-01,12742.8,231.0,55.16
Uttar Pradesh,Northern,2019,9,2019-09-01,12618.8,231.0,54.63
Uttar Pradesh,Northern,2019,10,2019-10-01,12129.7,231.0,52.51
Uttar Pradesh,Northern,2019,11,2019-11-01,11568.5,231.0,50.08
Uttar Pradesh,Northern,2019,12,2019-12-01,11982.3,231.0,51.87
Uttar Pradesh,Northern,2020,1,2020-01-01,12223.2,231.0,52.91
Uttar Pradesh,Northern,2020,2,2020-02-01,12105.8,231.0,52.41
Uttar Pradesh,Northern,2020,3,2020-03-01,11772.4,231.0,50.96
Uttar Pradesh,Northern,2020,4,2020-04-01,10308.9,231.0,44.63
Uttar Pradesh,Northern,2020,5,2020-05-01,11660.8,231.0,50.48
Uttar Pradesh,Northern,2020,6,2020-06-01,13334.0,231.0,57.72
Uttar Pradesh,Northern,2020,7,2020-07-01,13441.1,231.0,58.19
Uttar Pradesh,Northern,2020,8,2020-08-01,13136.3,231.0,56.87
Uttar Pradesh,Northern,2020,9,2020-09-01,13523.5,231.0,58.54
Uttar Pradesh,Northern,2020,10,2020-10-01,13570.0,231.0,58.74
Uttar Pradesh,Northern,2020,11,2020-11-01,12474.9,231.0,54.0
Uttar Pradesh,Northern,2020,12,2020-12-01,13186.5,231.0,57.08
Uttarakhand,Northern,2019,1,2019-01-01,1378.4,11.0,125.31
Uttarakhand,Northern,2019,2,2019-02-01,1347.7,11.0,122.52
Uttarakhand,Northern,2019,3,2019-03-01,1481.1,11.0,134.65
Uttarakhand,Northern,2019,4,2019-04-01,1595.5,11.0,145.05
Uttarakhand,Northern,2019,5,2019-05-01,1649.8,11.0,149.98
Uttarakhand,Northern,2019,6,2019-06-01,1641.7,11.0,149.25
Uttarakhand,Northern,2019,7,2019-07-01,1548.9,11.0,140.81
Uttarakhand,Northern,2019,8,2019-08-01,1515.0,11.0,137.73
Uttarakhand,Northern,2019,9,2019-09-01,1539.7,11.0,139.97
Uttarakhand,Northern,2019,10,2019-10-01,1463.8,11.0,133.07
Uttarakhand,Northern,2019,11,2019-11-01,1383.3,11.0,125.75
Uttarakhand,Northern,2019,12,2019-12-01,1444.6,11.0,131.33
Uttarakhand,Northern,2020,1,2020-01-01,1525.8,11.0,138.71
Uttarakhand,Northern,2020,2,2020-02-01,1453.2,11.0,132.11
Uttarakhand,Northern,2020,3,2020-03-01,1376.5,11.0,125.14
Uttarakhand,Northern,2020,4,2020-04-01,1148.2,11.0,104.38
Uttarakhand,Northern,2020,5,2020-05-01,1396.5,11.0,126.95
Uttarakhand,Northern,2020,6,2020-06-01,1564.3,11.0,142.21
Uttarakhand,Northern,2020,7,2020-07-01,1584.7,11.0,144.06
Uttarakhand,Northern,2020,8,2020-08-01,1609.1,11.0,146.28
Uttarakhand,Northern,2020,9,2020-09-01,1583.1,11.0,143.92
Uttarakhand,Northern,2020,10,2020-10-01,1585.8,11.0,144.16
Uttarakhand,Northern,2020,11,2020-11-01,1449.5,11.0,131.77
Uttarakhand,Northern,2020,12,2020-12-01,1545.0,11.0,140.45
West Bengal,Eastern,2019,1,2019-01-01,5385.3,99.0,54.4
West Bengal,Eastern,2019,2,2019-02-01,5138.9,99.0,51.91
West Bengal,Eastern,2019,3,2019-03-01,5636.8,99.0,56.94
West Bengal,Eastern,2019,4,2019-04-01,5980.6,99.0,60.41
West Bengal,Eastern,2019,5,2019-05-01,6687.4,99.0,67.55
West Bengal,Eastern,2019,6,2019-06-01,6383.4,99.0,64.48
West Bengal,Eastern,2019,7,2019-07-01,5968.7,99.0,60.29
West Bengal,Eastern,2019,8,2019-08-01,5935.0,99.0,59.95
West Bengal,Eastern,2019,9,2019-09-01,5790.2,99.0,58.49
West Bengal,Eastern,2019,10,2019-10-01,5607.4,99.0,56.64
West Bengal,Eastern,2019,11,2019-11-01,5502.2,99.0,55.58
West Bengal,Eastern,2019,12,2019-12-01,5572.6,99.0,56.29
West Bengal,Eastern,2020,1,2020-01-01,5672.1,99.0,57.29
West Bengal,Eastern,2020,2,2020-02-01,5485.4,99.0,55.41
West Bengal,Eastern,2020,3,2020-03-01,5486.6,99.0,55.42
West Bengal,Eastern,2020,4,2020-04-01,4525.3,99.0,45.71
West Bengal,Eastern,2020,5,2020-05-01,5346.8,99.0,54.01
West Bengal,Eastern,2020,6,2020-06-01,6310.7,99.0,63.74
West Bengal,Eastern,2020,7,2020-07-01,6271.3,99.0,63.35
West Bengal,Eastern,2020,8,2020-08-01,6140.6,99.0,62.03
West Bengal,Eastern,2020,9,2020-09-01,6256.5,99.0,63.2
West Bengal,Eastern,2020,10,2020-10-01,6151.7,99.0,62.14
West Bengal,Eastern,2020,11,2020-11-01,6153.9,99.0,62.16
West Bengal,Eastern,2020,12,2020-12-01,6150.6,99.0,62.13
